{"cameraMode":{"drawMode":0,"name":"Shaded","section":"Shading Mode"},"sceneLighting":false,"audioPlay":false,"sceneViewState":{"showFog":true,"showMaterialUpdate":false,"showSkybox":true,"showFlares":true,"showImageEffects":true,"showParticleSystems":true},"in2DMode":false,"pivot":{"x":341.1111755371094,"y":193.72911071777345,"z":6.4803466796875},"rotation":{"x":-0.06775229424238205,"y":-0.012873013503849507,"z":0.0008743257494643331,"w":-0.9976218938827515},"size":414.0093078613281,"orthographic":false}