{"cameraMode":{"drawMode":0,"name":"Shaded","section":"Shading Mode"},"sceneLighting":true,"audioPlay":false,"sceneViewState":{"showFog":true,"showMaterialUpdate":false,"showSkybox":true,"showFlares":true,"showImageEffects":true,"showParticleSystems":true},"in2DMode":false,"pivot":{"x":1030.2071533203125,"y":630.058349609375,"z":-93.150146484375},"rotation":{"x":-0.02580633945763111,"y":0.008094359189271927,"z":-0.00020866793056484312,"w":-0.9996344447135925},"size":1213.5167236328125,"orthographic":false}